{
    "config": {
        "batch_size": 16,
        "block_size": 32,
        "n_embd": 24,
        "n_head": 3,
        "n_layer": 3,
        "dropout": 0.1,
        "learning_rate": 0.001,
        "max_iters": 5000,
        "eval_interval": 100,
        "eval_iters": 50,
        "device": "mps",
        "file_name": "input_childSpeech_trainingSet.txt"
    },
    "training_history": {
        "train_losses": [
            3.7235772609710693,
            2.5588555335998535,
            2.0930047035217285,
            1.7205324172973633,
            1.3136630058288574,
            0.9897868633270264,
            0.8352543711662292,
            0.7180407047271729,
            0.6478887796401978,
            0.602103054523468,
            0.5729712843894958,
            0.5469505786895752,
            0.5361369848251343,
            0.5210550427436829,
            0.5131546258926392,
            0.5103479027748108,
            0.5098231434822083,
            0.500260591506958,
            0.4863934814929962,
            0.4809364080429077,
            0.4826880395412445,
            0.4742027521133423,
            0.46362534165382385,
            0.4732635021209717,
            0.46829450130462646,
            0.4726361036300659,
            0.4737358093261719,
            0.46125560998916626,
            0.46670806407928467,
            0.4592511057853699,
            0.46102768182754517,
            0.46515530347824097,
            0.4523751437664032,
            0.45011353492736816,
            0.459951251745224,
            0.45587605237960815,
            0.45636671781539917,
            0.4517691433429718,
            0.45766717195510864,
            0.4502435326576233,
            0.4475136995315552,
            0.46203234791755676,
            0.44378894567489624,
            0.45738285779953003,
            0.45232832431793213,
            0.4493885934352875,
            0.45433804392814636,
            0.4510878026485443,
            0.44850072264671326,
            0.44513583183288574,
            0.4514715075492859
        ],
        "val_losses": [
            3.7230730056762695,
            2.5611321926116943,
            2.109016180038452,
            1.7107899188995361,
            1.3110629320144653,
            0.9936275482177734,
            0.844178318977356,
            0.7087283134460449,
            0.6449407339096069,
            0.6004436612129211,
            0.5704286694526672,
            0.554012656211853,
            0.5410706400871277,
            0.524261474609375,
            0.5064579844474792,
            0.5103395581245422,
            0.5044899582862854,
            0.4945320785045624,
            0.47891703248023987,
            0.48438557982444763,
            0.4914299249649048,
            0.4735424518585205,
            0.4645170271396637,
            0.48894447088241577,
            0.4707532227039337,
            0.4677039384841919,
            0.4766231179237366,
            0.45748603343963623,
            0.46771499514579773,
            0.46356624364852905,
            0.4641042649745941,
            0.4622601270675659,
            0.45345619320869446,
            0.4632680416107178,
            0.4647347629070282,
            0.4549442231655121,
            0.4602851867675781,
            0.4497719705104828,
            0.4645199179649353,
            0.45381832122802734,
            0.45228007435798645,
            0.46435442566871643,
            0.4624619781970978,
            0.45360568165779114,
            0.4421806335449219,
            0.45753341913223267,
            0.455314040184021,
            0.4503689110279083,
            0.4580928385257721,
            0.44739827513694763,
            0.4521107077598572
        ]
    },
    "final_metrics": {
        "final_train_loss": 0.4514715075492859,
        "final_val_loss": 0.4521107077598572,
        "overfitting_metric": 0.0006392002105712891,
        "params": 24232,
        "generated_sample": "\nNo stop I dide\nNo stop Where kity go I want that\nI want that I run bosall outside Big truck\nMjucoore Daddy read anin fast\nMore bubbbles All gone\nWhat is that I want more juice please\nI hide Daddy read"
    }
}