{
    "config": {
        "batch_size": 16,
        "block_size": 32,
        "n_embd": 32,
        "n_head": 2,
        "n_layer": 2,
        "dropout": 0.0,
        "learning_rate": 0.001,
        "max_iters": 5000,
        "eval_interval": 100,
        "eval_iters": 50,
        "device": "mps",
        "file_name": "input_childSpeech_trainingSet.txt"
    },
    "training_history": {
        "train_losses": [
            3.6938109397888184,
            2.3545517921447754,
            1.8435858488082886,
            1.311431884765625,
            0.7783359289169312,
            0.6642448306083679,
            0.5653272271156311,
            0.5310813784599304,
            0.5097090005874634,
            0.4948027431964874,
            0.4821615517139435,
            0.4813256859779358,
            0.47972407937049866,
            0.4856947362422943,
            0.4738762378692627,
            0.47425925731658936,
            0.4527486562728882,
            0.46289169788360596,
            0.45904242992401123,
            0.4549183249473572,
            0.46111422777175903,
            0.46984565258026123,
            0.4628910720348358,
            0.45805633068084717,
            0.4464293420314789,
            0.45271196961402893,
            0.43387290835380554,
            0.44813916087150574,
            0.4566515386104584,
            0.45178458094596863,
            0.44537341594696045,
            0.4498181939125061,
            0.4426690638065338,
            0.4365979731082916,
            0.44388851523399353,
            0.4428463876247406,
            0.4430672824382782,
            0.4519108533859253,
            0.44996488094329834,
            0.43832528591156006,
            0.4487478733062744,
            0.44238850474357605,
            0.4362981915473938,
            0.44258636236190796,
            0.44487324357032776,
            0.44043323397636414,
            0.4468323886394501,
            0.43895378708839417,
            0.4234338104724884,
            0.43679752945899963,
            0.4462900161743164
        ],
        "val_losses": [
            3.6932451725006104,
            2.370316982269287,
            1.8492741584777832,
            1.3167017698287964,
            0.7841170430183411,
            0.6706686615943909,
            0.561958372592926,
            0.5296870470046997,
            0.525443971157074,
            0.5019546151161194,
            0.4852201044559479,
            0.4800987243652344,
            0.482876181602478,
            0.489706814289093,
            0.47483959794044495,
            0.46063148975372314,
            0.4641464948654175,
            0.4672895669937134,
            0.46390029788017273,
            0.4571703374385834,
            0.47230997681617737,
            0.46207913756370544,
            0.4523651599884033,
            0.45558983087539673,
            0.43953192234039307,
            0.453908771276474,
            0.4382205605506897,
            0.4537433981895447,
            0.45677119493484497,
            0.45453041791915894,
            0.45921191573143005,
            0.453665167093277,
            0.44154438376426697,
            0.4517989456653595,
            0.44861143827438354,
            0.4536074101924896,
            0.4375096559524536,
            0.45203953981399536,
            0.45254507660865784,
            0.4456539452075958,
            0.43994250893592834,
            0.43646135926246643,
            0.4536397159099579,
            0.44404974579811096,
            0.4418776035308838,
            0.4464847445487976,
            0.4466358423233032,
            0.43805912137031555,
            0.4356686472892761,
            0.44470635056495667,
            0.45591914653778076
        ]
    },
    "final_metrics": {
        "final_train_loss": 0.4462900161743164,
        "final_val_loss": 0.45591914653778076,
        "overfitting_metric": 0.009629130363464355,
        "params": 28904,
        "generated_sample": "\nI tired I found it\nI jump high All gone\nI draw Where ball\nI make mess I hide\nI jump I hide\nI found it No stop\nI want cookie Look airplane\nCome here Bigat Night night\nNight night I want cookie\nAll done"
    }
}