{
    "config": {
        "batch_size": 16,
        "block_size": 32,
        "n_embd": 48,
        "n_head": 2,
        "n_layer": 1,
        "dropout": 0.0,
        "learning_rate": 0.001,
        "max_iters": 5000,
        "eval_interval": 100,
        "eval_iters": 50,
        "device": "mps",
        "file_name": "input_childSpeech_trainingSet.txt"
    },
    "training_history": {
        "train_losses": [
            3.6898581981658936,
            2.10445237159729,
            1.3160847425460815,
            0.7432052493095398,
            0.6076738834381104,
            0.5411024689674377,
            0.5446564555168152,
            0.5064758062362671,
            0.5010416507720947,
            0.48731082677841187,
            0.49171704053878784,
            0.4762626588344574,
            0.4781855046749115,
            0.4584323465824127,
            0.4799177050590515,
            0.4803711175918579,
            0.4602048397064209,
            0.45806512236595154,
            0.4717462658882141,
            0.47477981448173523,
            0.46263259649276733,
            0.46459901332855225,
            0.46254950761795044,
            0.44799795746803284,
            0.45293956995010376,
            0.4587254226207733,
            0.4609639346599579,
            0.44463837146759033,
            0.4538544714450836,
            0.4440891146659851,
            0.4399488568305969,
            0.45049363374710083,
            0.45181822776794434,
            0.46187782287597656,
            0.45000824332237244,
            0.46108192205429077,
            0.44403815269470215,
            0.4551023244857788,
            0.4465877115726471,
            0.44313883781433105,
            0.4505368769168854,
            0.4502338469028473,
            0.4432750642299652,
            0.44833454489707947,
            0.4519462585449219,
            0.43680161237716675,
            0.43769267201423645,
            0.4454265534877777,
            0.44368141889572144,
            0.4429149627685547,
            0.44475191831588745
        ],
        "val_losses": [
            3.689049005508423,
            2.1095621585845947,
            1.3276370763778687,
            0.7424168586730957,
            0.6109681129455566,
            0.5553681254386902,
            0.5365589261054993,
            0.5079920291900635,
            0.500586748123169,
            0.4874718487262726,
            0.49521803855895996,
            0.4786434471607208,
            0.47095316648483276,
            0.46856388449668884,
            0.48292815685272217,
            0.4852605164051056,
            0.45687639713287354,
            0.47320759296417236,
            0.46898892521858215,
            0.47074222564697266,
            0.46900808811187744,
            0.4597604274749756,
            0.46283936500549316,
            0.4505664110183716,
            0.4615514278411865,
            0.4571689963340759,
            0.4642702043056488,
            0.4582904577255249,
            0.4572156071662903,
            0.44548499584198,
            0.4535084068775177,
            0.4523651897907257,
            0.46298378705978394,
            0.4585062861442566,
            0.45235198736190796,
            0.4634138345718384,
            0.45355868339538574,
            0.4471295177936554,
            0.44019073247909546,
            0.4617307782173157,
            0.4493906795978546,
            0.4473004937171936,
            0.4488734006881714,
            0.4487466514110565,
            0.4545210003852844,
            0.4450766444206238,
            0.44832298159599304,
            0.45508185029029846,
            0.4443076252937317,
            0.4395725131034851,
            0.4465135931968689
        ]
    },
    "final_metrics": {
        "final_train_loss": 0.44475191831588745,
        "final_val_loss": 0.4465135931968689,
        "overfitting_metric": 0.0017616748809814453,
        "params": 33640,
        "generated_sample": "\nI tired I tired\nAll done Come here\nI want that Where ball\nI make mess I hide\nI jump high Look airplane\nNo like it I loves More bubbles\nI wash hands Shoes on\nNo nap I want that\nWhat is that Night night"
    }
}