{
    "final_const_loss": 0.9523610400035979,
    "final_polyak_loss": 1.6256485680428643
}