{
    "final_const_loss": 80.25037256876628,
    "final_polyak_loss": 0.014387171249836683
}