{
    "final_const_loss": 1.1973753233750661,
    "final_polyak_loss": 1.4189652621746063
}