{
    "final_const_loss": 81.43549346923828,
    "final_polyak_loss": 1.5250639915466309
}