{
    "final_const_loss": 80.58653195699056,
    "final_polyak_loss": 0.7856698036193848
}