{
    "final_const_loss": 0.009651682585050973,
    "final_polyak_loss": 0.016246574198157757
}