{
    "adam_loss": 2.963809128602346,
    "polyak_adam_loss": 0.23352700372536975
}