{
    "final_const_loss": 0.23914737510494888,
    "final_polyak_loss": 0.6426881302303324
}