{
    "final_const_loss": 0.2369174240467449,
    "final_polyak_loss": 0.015409642830491066
}