{
    "final_const_loss": 0.4684758226076762,
    "final_polyak_loss": 0.7386820187171299
}