{
    "T1": {
        "const_loss": 0.2363390952348709,
        "polyak_loss": 0.6574227720499038
    },
    "T2": {
        "const_loss": 0.10248553109169006,
        "polyak_loss": 0.055602681905031204
    },
    "T3": {
        "polyak_loss": 0.0001735165088030044
    }
}